{
  "objects": [
    {
      "qualifier": "GENADB0",
      "name": "GENADB0",
      "type": "DB",
      "uri": "DB/GENADB0.sql"
    },
    {
      "qualifier": "GENADB0",
      "name": "GENATS01",
      "type": "TS",
      "uri": "TS/GENATS01.sql"
    },
    {
      "qualifier": "GENADB0",
      "name": "GENATS02",
      "type": "TS",
      "uri": "TS/GENATS02.sql"
    },
    {
      "qualifier": "GENADB0",
      "name": "GENATS03",
      "type": "TS",
      "uri": "TS/GENATS03.sql"
    },
    {
      "qualifier": "GENADB0",
      "name": "GENATS04",
      "type": "TS",
      "uri": "TS/GENATS04.sql"
    },
    {
      "qualifier": "GENADB0",
      "name": "GENATS05",
      "type": "TS",
      "uri": "TS/GENATS05.sql"
    },
    {
      "qualifier": "GENADB0",
      "name": "GENATS06",
      "type": "TS",
      "uri": "TS/GENATS06.sql"
    },
    {
      "qualifier": "GENADB0",
      "name": "GENATS07",
      "type": "TS",
      "uri": "TS/GENATS07.sql"
    },
    {
      "qualifier": "GENADB0",
      "name": "GENATS08",
      "type": "TS",
      "uri": "TS/GENATS08.sql"
    },
    {
      "qualifier": "GENADB0",
      "name": "CLAIM",
      "type": "TB",
      "uri": "TB/CLAIM.sql"
    },
    {
      "qualifier": "GENADB0",
      "name": "COMMERCIAL",
      "type": "TB",
      "uri": "TB/COMMERCIAL.sql"
    },
    {
      "qualifier": "GENADB0",
      "name": "CUSTOMER_SECURE",
      "type": "TB",
      "uri": "TB/CUSTOMER_SECURE.sql"
    },
    {
      "qualifier": "GENADB0",
      "name": "CUSTOMER",
      "type": "TB",
      "uri": "TB/CUSTOMER.sql"
    },
    {
      "qualifier": "GENADB0",
      "name": "ENDOWMENT",
      "type": "TB",
      "uri": "TB/ENDOWMENT.sql"
    },
    {
      "qualifier": "GENADB0",
      "name": "HOUSE",
      "type": "TB",
      "uri": "TB/HOUSE.sql"
    },
    {
      "qualifier": "GENADB0",
      "name": "MOTOR",
      "type": "TB",
      "uri": "TB/MOTOR.sql"
    },
    {
      "qualifier": "GENADB0",
      "name": "PET",
      "type": "TB",
      "uri": "TB/PET.sql"
    },
    {
      "qualifier": "GENADB0",
      "name": "POLICY",
      "type": "TB",
      "uri": "TB/POLICY.sql"
    },
    {
      "qualifier": "GENADB0",
      "name": "ICLAIM",
      "type": "IX",
      "uri": "IX/ICLAIM.sql"
    },
    {
      "qualifier": "GENADB0",
      "name": "ICOMMERCIAL",
      "type": "IX",
      "uri": "IX/ICOMMERCIAL.sql"
    },
    {
      "qualifier": "GENADB0",
      "name": "ICUSTOMER_SECURE",
      "type": "IX",
      "uri": "IX/ICUSTOMER_SECURE.sql"
    },
    {
      "qualifier": "GENADB0",
      "name": "ICUSTOMER",
      "type": "IX",
      "uri": "IX/ICUSTOMER.sql"
    },
    {
      "qualifier": "GENADB0",
      "name": "IENDOWMENT",
      "type": "IX",
      "uri": "IX/IENDOWMENT.sql"
    },
    {
      "qualifier": "GENADB0",
      "name": "IHOUSE",
      "type": "IX",
      "uri": "IX/IHOUSE.sql"
    },
    {
      "qualifier": "GENADB0",
      "name": "IMOTOR",
      "type": "IX",
      "uri": "IX/IMOTOR.sql"
    },
    {
      "qualifier": "GENADB0",
      "name": "IPET",
      "type": "IX",
      "uri": "IX/IPET.sql"
    },
    {
      "qualifier": "GENADB0",
      "name": "IPOLICY",
      "type": "IX",
      "uri": "IX/IPOLICY.sql"
    },
    {
      "qualifier": "GENADB0",
      "name": "IPOLICY2",
      "type": "IX",
      "uri": "IX/IPOLICY2.sql"
    },
    {
      "qualifier": "GENADB0",
      "name": "GETPETD",
      "type": "SP",
      "uri": "SP/GETPETD.sql"
    }
  ]
}
